"","RBP","total_count_non_na","overall_mean_log_adj_pval"
"1","KHDRBS3.ATAAA[ACG]",29,2.36326953127436
"2","RBM46.[AG]AT[GC]A[AT][AGT]",29,2.68598260010388
"3","CPEB4.TTTTTT",28,2.37781428965636
"4","IGF2BP2.[ACG][AC]A[ACT][AT]CA",28,2.19702864032446
"5","PTBP1.[ACT][CT]TTT[CT]T",28,2.53538095320278
"6","TIA1.[AT]TTTTT[CGT]",27,2.67379194099872
"7","RBMS3.[ACT]ATATA",26,2.09783670595768
"8","SFPQ.[GT]T[AG][AG]T[GT][GT]",26,2.37590760015599
"9","TIA1.TTTTT[CGT][GT]",26,2.81770575922554
"10","HNRNPL.A[AC]A[CT]A[AC]A",25,2.25596741458016
"11","RBM47.GATGA[AT]",25,2.36608561039769
"12","BRUNOL5.TGTGT[GT][GT]",24,1.92068559418263
"13","HuR.TT[AGT]TTTT",24,2.87455422801905
"14","IGF2BP3.A[AC]A[ACT][AT]CA",24,2.22303489874044
"15","KHDRBS1.TAAAA[ACG][ACG]",24,2.26573982817753
"16","PABPC1.A[AG]AAAA[AC]",24,2.07097123524812
"17","SART3.A[AG]AAAA[AC]",24,2.07097123524812
"18","HNRNPC.[ACT]TTTTT[GT]",23,3.07403232704846
"19","HNRNPCL1.[ACT]TTTTT[GT]",23,3.07403232704846
"20","KHDRBS2.[AG]ATAAA[AC]",23,1.98400046544959
"21","SRSF9.A[GT]GA[ACG][AC][AG]",23,2.31703670558166
"22","SRp20.[AT]C[AT][AT]C",23,3.18661642871628
"23","ZC3H14.TTT[AGT]TTT",23,2.63180168548886
"24","HuR.TT[GT][AG]TTT",22,2.10335968255903
"25","RBM38.[GT][GT]GTGT[GT]",22,2.06993086691523
"26","TARDBP.GAATG[AGT]",22,2.38140660069546
"27","ZCRB1.G[AG][ACT]TTAA",22,2.20331221758661
"28","BRUNOL4.[GT]GTGT[GT][GT]",21,2.08874236031969
"29","CPEB2.C[ACT]TTTTT",21,1.92654682153939
"30","MATR3.[AC]ATCTT[AG]",21,1.96933350409555
"31","PABPN1.A[AG]AAGA",21,2.1768471941326
"32","RBM41.[AT]TAC[AT]T[GT]",21,2.10674312485438
"33","SRSF10.A[AG]AG[AG][AG][AG]",21,2.1589395969511
"34","DAZAP1.TAG[GT][AT][AT][AG]",20,2.31828174670035
"35","ENOX1.[ACT][AG][GT]ACAG",20,1.95149396830295
"36","KHDRBS1.ATAAAA[ACG]",20,1.9818162036673
"37","RBM28.G[AT]GTAG[AGT]",20,1.88196792264154
"38","SRSF1.G[AG]AGGA",20,2.02425757518817
"39","HuR.TTT[AG][GT]TT",19,2.36844969503576
"40","LIN28A.[ACT]GGAG[AT]A",19,2.12561826191139
"41","PABPC4.AAAAAA[AG]",19,1.98798948949254
"42","PABPC5.AGAAA[AGT]T",19,2.51469787600076
"43","RBM24.[AT]G[AT]GTG[AGT]",19,2.2506178646247
"44","RBM6.[ACT]ATCCA[AG]",19,2.00525745451761
"45","SRp40.[CT][AG]C[AG][GT][AC]",19,2.60784349301021
"46","ZNF638.[CGT]GTT[GC][GT]T",19,1.99212260746338
"47","FUS.CGCGC",18,2.31703192698627
"48","HuR.TTTTTT[GT]",18,2.70306094467099
"49","RALY.TTTTTT[CGT]",18,3.19998835639557
"50","SNRNP70.[AG][AT]TCAAG",18,1.91342155295198
"51","U2AF2.TTTTT[CT]C",18,2.10034333383376
"52","A1CF.[AT]TAATT[AG]",17,2.10412387617798
"53","HNRPLL.[AG]CA[ACT]ACA",17,1.95662779749745
"54","PABPC3.[AG]AAAAC[AC]",17,2.24569939090005
"55","PCBP3.TTT[CT]CC",17,1.53324465860656
"56","SRSF10.AGAGA[ACG][AC]",17,2.14175872137131
"57","SRp55.[CT][CT][AT]C[AT][GC]G",17,2.02328755772407
"58","ZC3H10.[GC][GC]AGCG[AC]",17,2.13038119194676
"59","BRUNOL6.TGTG[AGT][GT]G",16,1.92023805808306
"60","RBM5.GA[AG]GG[AT][AG]",16,1.86951128962614
"61","SRSF2.GGAG[AT][AGT]",16,3.23985996410986
"62","SRSF9.[GT]G[AG][AT]G[GC][AC]",16,2.19247719142572
"63","YBX2.AACA[AT]C[AGT]",16,1.91296436614876
"64","HuR.TT[AT]GTTT",15,2.39847009438392
"65","PTB.CTCT[CT][CT]",15,1.98219255582913
"66","RBM3.[AG]A[AGT]AC[GT]A",15,1.86072973433647
"67","RBM5.[GC]AAGG[AG]G",15,1.89678537716331
"68","SRSF10.AGAGA[ACG][ACG]",15,2.22951535817733
"69","YBX1.AACATC",15,1.98308467495927
"70","CNOT4.GACAGA",14,1.97752149161517
"71","FXR1.A[CT]GAC[AG]",14,1.87590379365759
"72","FXR2.[AGT]GAC[AG][AG][AG]",14,2.39367893960676
"73","HNRNPL.ACAC[AG]A[ACG]",14,1.84427895798125
"74","RBFOX1.[AT]GCATG[AC]",14,2.11151163409877
"75","RBM4.GCGCG[GC][GC]",14,2.32695842183254
"76","RBM8A.[AG][CT]GCGC[CGT]",14,2.4141481639905
"77","SRSF1.GGAGGA",14,2.00737220017497
"78","SRSF1.GGA[GC]G[AG][ACG]",14,2.26558582487857
"79","SRSF1.GG[AG]GGA[ACG]",14,2.17355222394928
"80","LIN28A.[CT]GGAGG[AG]",13,2.30443707901343
"81","RBMS1.[GT]ATATA[GC]",13,1.98797445302736
"82","RBMS3.[AC]TATA[GT][AC]",13,2.45077469720804
"83","SRSF1.AGGA[GC][AC]",13,2.55565998856823
"84","G3BP2.AGGAT[AGT][AG]",12,2.11263219017464
"85","HNRNPH2.GGGAGGG",12,1.77981392257937
"86","MSI1.TAGT[AT][AG]G",12,1.68200271436062
"87","MSI1.TAG[GT][AT][AG]G",12,1.63813851174431
"88","PCBP1.CC[AT][AT][ACT]CC",12,2.09851043240425
"89","PPRC1.[GC][GC]GCGC[GC]",12,3.27079766097709
"90","RBM45.GACGA[AC][ACG]",12,1.84876440580826
"91","SRp20.CTC[GT]TC[CT]",12,1.86526731923763
"92","TUT1.[AC][AG]ATACT",12,1.85410876117496
"93","ESRP2.TGGG[AG]A[AGT]",11,2.22789417027072
"94","HNRNPA1.[AGT]TAGGG[AT]",11,1.82087405266379
"95","HNRNPA1L2.[AGT]TAGGG[AT]",11,1.82087405266379
"96","HNRNPA2B1.[AGT]TAGGG[AT]",11,1.82087405266379
"97","MBNL1.GCTTGC",11,1.93409354637725
"98","RBM4.GCGCG[GC]G",11,2.43425529522745
"99","SAMD4A.GC[GT]GG[ACT][AC]",11,2.14002232502492
"100","SRSF10.AGAGA[AG][AG]",11,2.02479541885131
"101","Tra2-beta.GAAAGAA",11,1.97533516652957
"102","YBX1.AACATC[AGT]",11,2.0283466635465
"103","FMR1.[GT]GACA[AG]G",10,2.11178163926538
"104","QKI.ACTAAC[ACG]",10,1.84305930179439
"105","ESRP1.TGGTGG",9,1.86625790735873
"106","PCBP1.C[CT]TTCC",9,2.24008056162501
"107","SNRPA.[AT]TGCAC[AG]",9,1.93454696380684
"108","9G8.[AT]GGAC[AG]A",8,1.55780143100877
"109","RBM42.AACTA[AC]G",8,1.50906694649592
"110","SF2-ASF.[AG]GAAGAAC",8,1.73833058641678
"111","HNRNPK.CCA[AT][AC]CC",7,2.05397637321443
"112","PCBP2.CC[CT][CT]CC[ACT]",7,1.79769048550428
"113","ANKHD1.AGACG[AT][AT]",6,1.8459214401608
"114","SRSF7.ACGACG",3,1.48986418800698
